[
  { "filename": "Kazami.jpg", "title": "Kazami" },
  { "filename": "Fangus.jpg", "title": "Fangus" },
  { "filename": "Oboro.jpg", "title": "Oboro" },
  { "filename": "Gray.jpg", "title": "Gray" },
  { "filename": "RC-77.jpg", "title": "Rc-77" },
  { "filename": "Kazuyo.jpg", "title": "Kazuyo" },
  { "filename": "Sania.jpg", "title": "Sania" },
  { "filename": "Kraken.jpg", "title": "Kraken" },
  { "filename": "Tsutomu.jpg", "title": "Tsutomu" },
  { "filename": "Marvell.jpg", "title": "Marvell" },
  { "filename": "Valerian.jpg", "title": "Valerian" },
  { "filename": "Obol.jpg", "title": "Obol" },
  { "filename": "Cachi-guard.jpg", "title": "Cachi-guard" },
  { "filename": "Rin-unbowed.jpg", "title": "Rin-unbowed" },
  { "filename": "Chiaki.jpg", "title": "Chiaki" },
  { "filename": "Rin.jpg", "title": "Rin" },
  { "filename": "Chiaki_echo.jpg", "title": "Chiaki_echo" },
  { "filename": "Turandot.jpg", "title": "Turandot" },
  { "filename": "Dinah.jpg", "title": "Dinah" },
  { "filename": "Victor.jpg", "title": "Victor" },
  { "filename": "Diting.jpg", "title": "Diting" },
  { "filename": "Viper.jpg", "title": "Viper" },
  { "filename": "Dorothy-wisher.jpg", "title": "Dorothy-wisher" },
  { "filename": "Yang.jpg", "title": "Yang" },
  { "filename": "Dorothy.jpg", "title": "Dorothy" }
]