[
  { "filename": "Celince.jpg", "title": "Celince" },
  { "filename": "Xiada.jpg", "title": "Xiada" },
  { "filename": "Helkid.jpg", "title": "Helkid" },
  { "filename": "Beyontin.jpg", "title": "Beyontin" },
  { "filename": "Khloros.jpg", "title": "Khloros" },
  { "filename": "Borgne.jpg", "title": "Borgne" },
  { "filename": "Kloss.jpg", "title": "Kloss" },
  { "filename": "Freya.jpg", "title": "Freya" },
  { "filename": "Mia.jpg", "title": "Mia" },
  { "filename": "Lilith.jpg", "title": "Lilith" },
  { "filename": "Rahu.jpg", "title": "Rahu" },
  { "filename": "Lingluo.jpg", "title": "Lingluo" },
  { "filename": "Rilmocha.jpg", "title": "Rilmocha" },
  { "filename": "Tiamat.jpg", "title": "Tiamat" },
  { "filename": "Rosa.jpg", "title": "Rosa" },
  { "filename": "Veronica.jpg", "title": "Veronica" },
  { "filename": "Tsukiyomi.jpg", "title": "Tsukiyomi" }
]